{"cameraMode":{"drawMode":0,"name":"Shaded","section":"Shading Mode"},"sceneLighting":true,"audioPlay":false,"sceneViewState":{"showFog":true,"showMaterialUpdate":false,"showSkybox":true,"showFlares":true,"showImageEffects":true,"showParticleSystems":true},"in2DMode":false,"pivot":{"x":0.0298004150390625,"y":0.061279296875,"z":0.7276611328125},"rotation":{"x":-0.027305446565151216,"y":0.08687562495470047,"z":-0.0012709114234894515,"w":-0.996080219745636},"size":1.4787898063659669,"orthographic":true}